playerName,seasonStartYear,salary,inflationAdjSalary
Stephen Curry,2018,37457154,40386520
Russell Westbrook,2018,35665000,38454209
Chris Paul,2018,35654150,38442511
LeBron James,2018,35654150,38442511
Kyle Lowry,2018,32700000,35257329
Blake Griffin,2018,31873932,34366658
Gordon Hayward,2018,31214295,33655433
James Harden,2018,30570000,32960751
Paul George,2018,30560700,32950723
Mike Conley,2018,30521115,32908043
Kevin Durant,2018,30000000,32346173
Paul Millsap,2018,29230769,31516784
Al Horford,2018,28928710,31191102
Damian Lillard,2018,27977689,30165706
DeMar DeRozan,2018,27739975,29909401
Chris Bosh,2018,26837720,28936585
Jrue Holiday,2018,26641111,28724600
Otto Porter,2018,26011913,28046195
CJ McCollum,2018,25759766,27774328
Nikola Jokic,2018,25467250,27458936
Andrew Wiggins,2018,25467250,27458936
Joel Embiid,2018,25467250,27458936
Anthony Davis,2018,25434263,27423369
Andre Drummond,2018,25434262,27423368
Bradley Beal,2018,25434262,27423368
Hassan Whiteside,2018,24434262,26345162
Dwight Howard,2018,24256725,26153741
Giannis Antetokounmpo,2018,24157304,26046545
Steven Adams,2018,24157304,26046545
Kevin Love,2018,24119025,26005272
Marc Gasol,2018,24119025,26005272
Chandler Parsons,2018,24107258,25992585
Harrison Barnes,2018,24107258,25992585
Nicolas Batum,2018,24000000,25876939
Rudy Gobert,2018,23491573,25328750
Kawhi Leonard,2018,23114066,24921719
DeAndre Jordan,2018,22897200,24687893
LaMarcus Aldridge,2018,22347015,24094681
Serge Ibaka,2018,21666667,23361125
Aaron Gordon,2018,21590909,23279443
Danilo Gallinari,2018,21587579,23275852
Victor Oladipo,2018,21000000,22642321
Ryan Anderson,2018,20421546,22018629
Joakim Noah,2018,20261172,21845712
Kyrie Irving,2018,20099189,21671062
Jabari Parker,2018,20000000,21564115
Jimmy Butler,2018,19841627,21393357
Zach LaVine,2018,19500000,21025012
Wesley Matthews,2018,19360228,20874309
Allen Crabbe,2018,19332500,20844413
Enes Kanter,2018,19264603,20771206
Tyler Johnson,2018,19245370,20750469
John Wall,2018,19169800,20668989
George Hill,2018,19000000,20485910
Jeff Teague,2018,19000000,20485910
Klay Thompson,2018,18988725,20473753
Goran Dragic,2018,18109175,19525417
Kent Bazemore,2018,18089888,19504622
Evan Turner,2018,17868853,19266300
Tristan Thompson,2018,17469565,18835786
Draymond Green,2018,17469565,18835786
Tim Hardaway Jr,2018,17325000,18679915
Pau Gasol,2018,17133285,18473206
Reggie Jackson,2018,17043478,18376376
Bismack Biyombo,2018,17000000,18329498
Evan Fournier,2018,17000000,18329498
Derrick Favors,2018,16900000,18221677
Luol Deng,2018,16747954,18057740
Jonas Valanciunas,2018,16539326,17832797
Gary Harris,2018,16517857,17809649
Andre Iguodala,2018,16000000,17251292
Timofey Mozgov,2018,16000000,17251292
Ian Mahinmi,2018,16000000,17251292
Clint Capela,2018,15793104,17028216
Dennis Schroeder,2018,15500000,16712189
DeMarre Carroll,2018,15400000,16604369
Gorgui Dieng,2018,15170787,16357230
Eric Bledsoe,2018,15000000,16173086
Trevor Ariza,2018,15000000,16173086
Tobias Harris,2018,14800000,15957445
Ricky Rubio,2018,14800000,15957445
JR Smith,2018,14720000,15871189
Brandon Knight,2018,14631250,15775498
James Johnson,2018,14420700,15548482
Robin Lopez,2018,14357750,15480609
Kenneth Faried,2018,14242782,15356649
Marvin Williams,2018,14087500,15189224
Taj Gibson,2018,14000000,15094881
Thaddeus Young,2018,13764045,14840473
Tyson Chandler,2018,13585000,14647425
Marcin Gortat,2018,13565218,14626096
Kelly Olynyk,2018,13537527,14596240
Cody Zeller,2018,13528090,14586065
Eric Gordon,2018,13500375,14556182
Austin Rivers,2018,13155324,14184146
Michael Kidd-Gilchrist,2018,13000000,14016675
Khris Middleton,2018,13000000,14016675
Mason Plumlee,2018,12917808,13928055
Wilson Chandler,2018,12800562,13801640
Solomon Hill,2018,12763467,13761644
Nikola Vucevic,2018,12750000,13747123
Dion Waiters,2018,12705000,13698604
Joe Ingles,2018,12545455,13526582
Jeremy Lin,2018,12516746,13495627
Jordan Clarkson,2018,12500000,13477572
Nikola Mirotic,2018,12500000,13477572
Miles Plumlee,2018,12400000,13369751
Tyreke Evans,2018,12400000,13369751
Courtney Lee,2018,12253780,13212096
JJ Redick,2018,12250000,13208020
Kemba Walker,2018,12000000,12938469
Kentavious Caldwell-Pope,2018,12000000,12938469
Avery Bradley,2018,12000000,12938469
Will Barton,2018,11830358,12755560
TJ Warren,2018,11750000,12668918
Zach Randolph,2018,11692308,12606714
Patrick Mills,2018,11571429,12476381
Alec Burks,2018,11536515,12438737
Omer Asik,2018,11286516,12169186
Marcus Smart,2018,11160716,12033548
Jusuf Nurkic,2018,11111111,11980064
Iman Shumpert,2018,11011234,11872376
Moe Harkless,2018,10837079,11684601
Tony Snell,2018,10607143,11436683
Dante Exum,2018,10600000,11428981
Meyers Leonard,2018,10595506,11424135
John Henson,2018,10577466,11404685
Bojan Bogdanovic,2018,10500000,11321160
Mirza Teletovic,2018,10500000,11321160
Terrence Ross,2018,10500000,11321160
Robert Covington,2018,10464092,11282444
Rudy Gay,2018,10087200,10876077
Jon Leuer,2018,10002681,10784948
Darren Collison,2018,10000000,10782057
Andre Roberson,2018,10000000,10782057
Danny Green,2018,10000000,10782057
Dwight Powell,2018,9631250,10384469
Matthew Dellavedova,2018,9607500,10358862
Jared Dudley,2018,9530000,10275301
Boban Marjanovic,2018,9490740,10232970
Josh Richardson,2018,9367200,10099769
Norman Powell,2018,9367200,10099769
Markieff Morris,2018,9173294,9890697
Rajon Rondo,2018,9000000,9703852
Bogdan Bogdanovic,2018,9000000,9703852
E'Twaun Moore,2018,8808685,9497575
Kosta Koufos,2018,8739500,9422979
Fred VanVleet,2018,8653847,9330627
Wayne Ellington,2018,8653076,9329796
Kyle Anderson,2018,8641000,9316776
Julius Randle,2018,8641000,9316776
Jerryd Bayless,2018,8575916,9246602
Cristiano Felicio,2018,8470980,9133459
Markelle Fultz,2018,8339880,8992106
Joe Harris,2018,8333333,8985047
CJ Miles,2018,8333333,8985047
Jerami Grant,2018,8333333,8985047
Shaun Livingston,2018,8307692,8957401
Deandre Ayton,2018,8175840,8815238
JaMychal Green,2018,8066667,8697527
Louis Williams,2018,8000000,8625646
Garrett Temple,2018,8000000,8625646
PJ Tucker,2018,7959537,8582018
Cory Joseph,2018,7945000,8566345
Karl-Anthony Towns,2018,7839435,8452524
Kyle Korver,2018,7560000,8151235
Darrell Arthur,2018,7464912,8048711
Lonzo Ball,2018,7461960,8045528
Doug McDermott,2018,7333334,7906843
Marvin Bagley,2018,7314960,7887032
Jae Crowder,2018,7305825,7877182
DJ Augustin,2018,7250000,7816992
Lance Thomas,2018,7119650,7676447
D'Angelo Russell,2018,7019698,7568679
Jeremy Lamb,2018,7000000,7547440
Langston Galloway,2018,7000000,7547440
Ersan Ilyasova,2018,7000000,7547440
Davis Bertans,2018,7000000,7547440
Al-Farouq Aminu,2018,6957105,7501190
Jayson Tatum,2018,6700800,7224841
Luka Doncic,2018,6569040,7082776
Mario Hezonja,2018,6500000,7008337
Nemanja Bjelica,2018,6500000,7008337
Ben Simmons,2018,6434520,6937736
Dewayne Dedmon,2018,6300000,6792696
Milos Teodosic,2018,6300000,6792696
Marco Belinelli,2018,6153846,6635112
Wesley Johnson,2018,6134000,6613714
Josh Jackson,2018,6041520,6514001
Ishmael Smith,2018,6000000,6469234
Montrezl Harrell,2018,6000000,6469234
Jonathon Simmons,2018,6000000,6469234
Jaren Jackson Jr,2018,5922720,6385911
Brandon Ingram,2018,5757120,6207360
Anthony Tolliver,2018,5750000,6199683
Kristaps Porzingis,2018,5697054,6142596
Deron Williams,2018,5474787,5902947
De'Aaron Fox,2018,5470920,5898777
Ben McLemore,2018,5460000,5887003
Patrick Patterson,2018,5451600,5877946
Jason Smith,2018,5450000,5876221
Marcus Morris,2018,5375000,5795356
Trae Young,2018,5363280,5782719
DeMarcus Cousins,2018,5337000,5754384
Josh Smith,2018,5331729,5748701
Alexis Ajinca,2018,5285394,5698742
Thabo Sefolosha,2018,5250000,5660580
Aron Baynes,2018,5193600,5599769
Jaylen Brown,2018,5169960,5574280
Patrick Beverley,2018,5027028,5420170
Tony Parker,2018,5000000,5391028
Dirk Nowitzki,2018,5000000,5391028
Mike Muscala,2018,5000000,5391028
Jonathan Isaac,2018,4969080,5357690
Mo Bamba,2018,4871280,5252242
Jamal Crawford,2018,4698113,5065531
Ron Baker,2018,4697823,5065219
Willie Cauley-Stein,2018,4696874,5064196
Dragan Bender,2018,4661280,5025819
Lauri Markkanen,2018,4536120,4890870
Justin Holiday,2018,4500000,4851926
Ed Davis,2018,4449000,4796937
Kyle O'Quinn,2018,4449000,4796937
Lance Stephenson,2018,4449000,4796937
Wendell Carter,2018,4446840,4794608
Alex Len,2018,4350000,4690195
Luc Mbah a Moute,2018,4320500,4658388
Mike Scott,2018,4320500,4658388
Emmanuel Mudiay,2018,4294479,4630332
Kris Dunn,2018,4221000,4551106
Frank Ntilikina,2018,4155720,4480721
Glenn Robinson III,2018,4075000,4393688
Collin Sexton,2018,4073760,4392351
Al Jefferson,2018,4000000,4312823
Stanley Johnson,2018,3940401,4248563
Buddy Hield,2018,3833760,4133582
Dennis Smith,2018,3819960,4118703
Jodie Meeks,2018,3774176,4069337
Kevin Knox,2018,3744840,4037708
Jose Juan Barea,2018,3710850,4001059
Alex Abrines,2018,3667645,3954476
NenÃª,2018,3651480,3937046
Zach Collins,2018,3628920,3912722
Frank Kaminsky,2018,3627842,3911560
Mikal Bridges,2018,3557400,3835609
Michael Beasley,2018,3500000,3773720
Jamal Murray,2018,3499800,3773504
Rodney Hood,2018,3472887,3744486
Justise Winslow,2018,3448926,3718651
Malik Monk,2018,3447480,3717092
Cameron Payne,2018,3440356,3709411
Brook Lopez,2018,3382000,3646491
Allonzo Trier,2018,3382000,3646491
Shai Gilgeous-Alexander,2018,3375360,3639332
Trey Lyles,2018,3364249,3627352
Ekpe Udoh,2018,3360000,3622771
Devin Booker,2018,3314365,3573567
Myles Turner,2018,3294994,3552681
Luke Kennard,2018,3275280,3531425
Troy Daniels,2018,3258539,3513375
Kelly Oubre,2018,3208630,3459563
Miles Bridges,2018,3206640,3457417
Marquese Chriss,2018,3206160,3456900
Tomas Satoransky,2018,3129187,3373907
Bryn Forbes,2018,3125000,3369393
Donovan Mitchell,2018,3111480,3354815
Terry Rozier,2018,3050389,3288947
Jerome Robinson,2018,3050160,3288700
Elfrid Payton,2018,3000000,3234617
Yogi Ferrell,2018,3000000,3234617
Bam Adebayo,2018,2955840,3187003
Jakob Poeltl,2018,2947320,3177817
Michael Porter,2018,2894160,3120500
Andrew Nicholson,2018,2844429,3066879
Justin Jackson,2018,2807880,3027472
Thon Maker,2018,2799720,3018674
Seth Curry,2018,2795000,3013585
Cedi Osman,2018,2775000,2992021
Sam Dekker,2018,2760094,2975949
Troy Brown,2018,2752680,2967955
Guerschon Yabusele,2018,2667600,2876221
Justin Patton,2018,2667600,2876221
Domantas Sabonis,2018,2659800,2867811
Jerian Grant,2018,2639313,2845722
Zhaire Smith,2018,2615160,2819680
Corey Brewer,2018,2559925,2760125
Delon Wright,2018,2536898,2735298
DJ Wilson,2018,2534280,2732475
Taurean Prince,2018,2526840,2724453
Dario Saric,2018,2526840,2724453
Justin Anderson,2018,2516047,2712816
Shelvin Mack,2018,2512601,2709100
Reggie Bullock,2018,2500000,2695514
Manu Ginobili,2018,2500000,2695514
Bobby Portis,2018,2494346,2689418
Dante Cunningham,2018,2487000,2681497
Donte DiVincenzo,2018,2484360,2678651
Rondae Hollis-Jefferson,2018,2470356,2663552
Tyus Jones,2018,2444052,2635191
Jarell Martin,2018,2416221,2605183
Greg Monroe,2018,2410167,2598654
TJ Leaf,2018,2407560,2595845
Georgios Papagiannis,2018,2400480,2588211
Vince Carter,2018,2393887,2581102
Carmelo Anthony,2018,2393887,2581102
Channing Frye,2018,2393887,2581102
Devin Harris,2018,2393887,2581102
Jose Calderon,2018,2393887,2581102
Zaza Pachulia,2018,2393887,2581102
JaVale McGee,2018,2393887,2581102
Udonis Haslem,2018,2393887,2581102
Dwyane Wade,2018,2393887,2581102
Raymond Felton,2018,2393887,2581102
Amir Johnson,2018,2393887,2581102
Jeff Green,2018,2393887,2581102
Lonnie Walker,2018,2360160,2544738
John Collins,2018,2299080,2478881
Denzel Valentine,2018,2280600,2458956
Larry Nance Jr,2018,2272390,2450104
Kevin Huerter,2018,2250960,2426998
Monta Ellis,2018,2245400,2421003
Harry Giles,2018,2207040,2379643
Darius Miller,2018,2205000,2377443
Henry Ellenson,2018,2199311,2371309
Omri Casspi,2018,2176260,2346456
Derrick Rose,2018,2176260,2346456
Juan Hernangomez,2018,2166360,2335781
Jonas Jerebko,2018,2165481,2334834
Quincy Pondexter,2018,2165481,2334834
Josh Okogie,2018,2163600,2332806
Nik Stauskas,2018,2161886,2330957
Terrance Ferguson,2018,2118840,2284545
Raul Neto,2018,2100000,2264232
Salah Mejri,2018,2098196,2262287
Grayson Allen,2018,2076960,2239390
Jarrett Allen,2018,2034120,2193199
Isaiah Thomas,2018,2029463,2188178
Spencer Hawes,2018,2007058,2164021
Torrey Craig,2018,2000000,2156411
Cole Aldrich,2018,2000000,2156411
Chandler Hutchison,2018,1991520,2147268
Ante Zizic,2018,1952760,2105477
OG Anunoby,2018,1952760,2105477
Shabazz Napier,2018,1942422,2094330
Aaron Holiday,2018,1914480,2064203
Timothe Luwawu,2018,1880268,2027315
Tyler Lydon,2018,1874640,2021247
Anfernee Simons,2018,1837800,1981526
Tim Frazier,2018,1832107,1975388
Trey Burke,2018,1795015,1935395
Malik Beasley,2018,1773840,1912564
Moritz Wagner,2018,1764240,1902213
Ian Clark,2018,1757429,1894870
Nerlens Noel,2018,1757429,1894870
Deyonta Davis,2018,1741503,1877698
Furkan Korkmaz,2018,1740000,1876078
Caleb Swanigan,2018,1740000,1876078
Landry Shamet,2018,1705920,1839332
Caris LeVert,2018,1702800,1835968
Rodions Kurucs,2018,1690000,1822167
Jonah Bolden,2018,1690000,1822167
Kyle Kuzma,2018,1689840,1821995
Tony Bradley,2018,1679520,1810868
Derrick White,2018,1667160,1797541
Kyle Singler,2018,1665333,1795571
Robert Williams,2018,1656600,1786155
Spencer Dinwiddie,2018,1656092,1785607
MarShon Brooks,2018,1656092,1785607
Josh Hart,2018,1655160,1784603
Jacob Evans,2018,1646400,1775158
Pat Connaughton,2018,1641000,1769335
DeAndre Bembry,2018,1634640,1762478
Dzanan Musa,2018,1634400,1762219
Omari Spellman,2018,1622520,1749410
Noah Vonleh,2018,1621415,1748219
James Ennis,2018,1621415,1748219
Luke Kornet,2018,1619260,1745895
TJ McConnell,2018,1600520,1725689
Richaun Holmes,2018,1600520,1725689
Malachi Richardson,2018,1569360,1692093
Kevon Looney,2018,1567007,1689556
Jahlil Okafor,2018,1567007,1689556
Wayne Selden,2018,1544951,1665775
Dorian Finney-Smith,2018,1544951,1665775
Damian Jones,2018,1544951,1665775
Quinn Cook,2018,1544951,1665775
Wade Baldwin,2018,1544951,1665775
Ivica Zubac,2018,1544951,1665775
Rodney McGruder,2018,1544951,1665775
Malcolm Brogdon,2018,1544951,1665775
Cheick Diallo,2018,1544951,1665775
Jake Layman,2018,1544951,1665775
Skal Labissiere,2018,1544951,1665775
Dejounte Murray,2018,1544951,1665775
Pascal Siakam,2018,1544951,1665775
Treveon Graham,2018,1512601,1630895
David Nwaba,2018,1512601,1630895
Gerald Green,2018,1512601,1630895
Derrick Jones,2018,1512601,1630895
Christian Wood,2018,1512601,1630895
Georges Niang,2018,1512601,1630895
Willy Hernangomez,2018,1496500,1613534
Sviatoslav Mykhailiuk,2018,1487694,1604040
Mitchell Robinson,2018,1485440,1601610
Michael Carter-Williams,2018,1468082,1582893
Jawun Evans,2018,1455492,1569319
Semi Ojeleye,2018,1378242,1486028
Daniel Theis,2018,1378242,1486028
Dwayne Bacon,2018,1378242,1486028
Maxi Kleber,2018,1378242,1486028
Jordan Bell,2018,1378242,1486028
Zhou Qi,2018,1378242,1486028
Sindarius Thornwell,2018,1378242,1486028
Rade Zagorac,2018,1378242,1486028
Dillon Brooks,2018,1378242,1486028
Ivan Rabb,2018,1378242,1486028
Tyler Dorsey,2018,1378242,1486028
Sterling Brown,2018,1378242,1486028
Frank Jackson,2018,1378242,1486028
Damyean Dotson,2018,1378242,1486028
Abdel Nader,2018,1378242,1486028
Wesley Iwundu,2018,1378242,1486028
Khem Birch,2018,1378242,1486028
Frank Mason,2018,1378242,1486028
Royce O'Neale,2018,1378242,1486028
Thomas Bryant,2018,1378242,1486028
Daniel Hamilton,2018,1349383,1454912
Jabari Bird,2018,1349383,1454912
Antonio Blakeney,2018,1349383,1454912
Ryan Arcidiacono,2018,1349383,1454912
Monte Morris,2018,1349383,1454912
Alfonzo McKinnie,2018,1349383,1454912
Ike Anigbogu,2018,1349383,1454912
Tyrone Wallace,2018,1349383,1454912
Shaquille Harrison,2018,1325531,1429194
Elie Okobo,2018,1238464,1335319
Jalen Brunson,2018,1230000,1326193
Melvin Frazier,2018,1050000,1132116
Raymond Spalding,2018,1023210,1103230
Isaac Bonga,2018,1000000,1078205
Justin Hamilton,2018,1000000,1078205
Devonte Graham,2018,988464,1065767
Chasson Randle,2018,975824,1052139
Patrick McCaw,2018,964104,1039501
De'Anthony Melton,2018,949000,1023217
Jason Thompson,2018,893333,963196
Brad Wanamaker,2018,838464,904036
Ryan Broekhoff,2018,838464,904036
Jarred Vanderbilt,2018,838464,904036
Bruce Brown,2018,838464,904036
Khyri Thomas,2018,838464,904036
Isaiah Hartenstein,2018,838464,904036
Alize Johnson,2018,838464,904036
Jevon Carter,2018,838464,904036
Keita Bates-Diop,2018,838464,904036
Kenrich Williams,2018,838464,904036
Hamidou Diallo,2018,838464,904036
Isaiah Briscoe,2018,838464,904036
Gary Trent Jr,2018,838464,904036
Chimezie Metu,2018,838464,904036
Lorenzo Brown,2018,800000,862564
Davon Reed,2018,752250,811079
Isaiah Canaan,2018,744671,802907
Isaiah Whitehead,2018,726390,783197
Bruno Caboclo,2018,705361,760524
Gary Clark,2018,674122,726842
James Nunnally,2018,663255,715124
Kalin Lucas,2018,648008,698685
John Jenkins,2018,585809,631621
Deonte Burton,2018,500000,539102
Andrew Bogut,2018,486892,524969
Dakari Johnson,2018,459414,495342
Chris Boucher,2018,457418,493190
Malcolm Miller,2018,457418,493190
Edmond Sumner,2018,449794,484970
Yante Maten,2018,385000,415109
Andrew Harrison,2018,354500,382223
Eric Moreland,2018,309859,334091
Nick Young,2018,284020,306232
Danuel House,2018,247827,267208
Okaro White,2018,247827,267208
Jaylen Adams,2018,236854,255377
Ben Moore,2018,222099,239468
Tyler Zeller,2018,213948,230678
Quincy Acy,2018,213948,230679
Terrence Jones,2018,198579,214109
Jimmer Fredette,2018,198579,214109
Dairis Bertans,2018,194220,209409
Walter Lemon Jr,2018,176250,190033
Demetrius Jackson,2018,170107,183409
BJ Johnson,2018,142111,153224
Chris Chiozza,2018,137374,148117
Johnathan Williams,2018,127250,137201
Cam Reynolds,2018,108953,117473
Donatas Motiejunas,2018,99289,107053
Emanuel Terry,2018,94740,102148
Justin Bibbs,2018,92159,99366
JaKarr Sampson,2018,85457,92140
Gary Payton II,2018,85457,92140
Alex Poythress,2018,77250,83291
PJ Dozier,2018,77250,83291
RJ Hunter,2018,77250,83291
Theo Pinson,2018,77250,83291
Alan Williams,2018,77250,83291
JP Macura,2018,77250,83291
Joe Chealey,2018,77250,83291
Rawle Alkins,2018,77250,83291
Tyler Ulis,2018,77250,83291
Brandon Sampson,2018,77250,83291
John Holland,2018,77250,83291
Billy Preston,2018,77250,83291
Jaron Blossomgame,2018,77250,83291
Jalen Jones,2018,77250,83291
Deng Adel,2018,77250,83291
Kostas Antetokounmpo,2018,77250,83291
Daryl Macon,2018,77250,83291
Thomas Welsh,2018,77250,83291
DeVaughn Akoon-Purcell,2018,77250,83291
Archie Goodwin,2018,77250,83291
Keenan Evans,2018,77250,83291
Zach Lofton,2018,77250,83291
Damion Lee,2018,77250,83291
Marcus Derrickson,2018,77250,83291
Vincent Edwards,2018,77250,83291
Trevon Duval,2018,77250,83291
Angel Delgado,2018,77250,83291
Johnathan Motley,2018,77250,83291
Alex Caruso,2018,77250,83291
Yuta Watanabe,2018,77250,83291
DJ Stephens,2018,77250,83291
Jarnell Stokes,2018,77250,83291
Julian Washburn,2018,77250,83291
Duncan Robinson,2018,77250,83291
Jaylen Morris,2018,77250,83291
Bonzie Colson,2018,77250,83291
Jared Terrell,2018,77250,83291
CJ Williams,2018,77250,83291
Trevon Bluiett,2018,77250,83291
Isaiah Hicks,2018,77250,83291
Kadeem Allen,2018,77250,83291
Tyler Davis,2018,77250,83291
Donte Grantham,2018,77250,83291
Troy Caupain,2018,77250,83291
Amile Jefferson,2018,77250,83291
Shake Milton,2018,77250,83291
Haywood Highsmith,2018,77250,83291
George King,2018,77250,83291
Troy Williams,2018,77250,83291
Drew Eubanks,2018,77250,83291
Jordan Loyd,2018,77250,83291
Naz Long,2018,77250,83291
Tyler Cavanaugh,2018,77250,83291
Devin Robinson,2018,77250,83291
Jordan McRae,2018,77250,83291
Jonathan Gibson,2018,76236,82198
Kobi Simmons,2018,76236,82198
Andre Ingram,2018,76236,82198
Scott Machado,2018,76236,82198
Charles Cooke,2018,76236,82198
Scotty Hopson,2018,76236,82198
Wenyen Gabriel,2018,75000,80865
Billy Garrett,2018,67370,72638
Brandon Goodwin,2018,56845,61290
Mitch Creek,2018,56845,61290
Jemerrio Jones,2018,52170,56249
Jordan Sibert,2018,47370,51074
Isaac Humphries,2018,47370,51074
Mitchell Creek,2018,47370,51074
Tahjere McCall,2018,47370,51074
Michael Frazier,2018,47370,51074
Stephan Hicks,2018,47370,51074
Dusty Hannahs,2018,47370,51074
Kendrick Nunn,2018,47370,51074
Richard Solomon,2018,47370,51074
Cody Demps,2018,47370,51074
Tarik Phillip,2018,47370,51074
Stephen Curry,2019,40231758,42674629
Russell Westbrook,2019,38506482,40844595
Chris Paul,2019,38506482,40844595
James Harden,2019,38199000,40518442
John Wall,2019,38199000,40518442
LeBron James,2019,37436858,39710023
Kevin Durant,2019,37199000,39457722
Blake Griffin,2019,34449964,36541765
Kyle Lowry,2019,33296296,35318046
Paul George,2019,33005556,35009652
Kemba Walker,2019,32742000,34730093
Klay Thompson,2019,32742000,34730093
Kawhi Leonard,2019,32742000,34730093
Jimmy Butler,2019,32742000,34730093
Tobias Harris,2019,32742000,34730093
Gordon Hayward,2019,32700690,34686275
Mike Conley,2019,32511623,34485728
Kyrie Irving,2019,31742000,33669373
Khris Middleton,2019,30603448,32461689
Paul Millsap,2019,30350000,32192851
Damian Lillard,2019,29802321,31611917
Kevin Love,2019,28942830,30700238
Nikola Vucevic,2019,28000000,29700159
Al Horford,2019,28000000,29700159
DeMar DeRozan,2019,27739975,29424345
CJ McCollum,2019,27556959,29230217
Nikola Jokic,2019,27504630,29174710
Andrew Wiggins,2019,27504630,29174710
Joel Embiid,2019,27504630,29174710
Kristaps Porzingis,2019,27285000,28941744
D'Angelo Russell,2019,27285000,28941744
Karl-Anthony Towns,2019,27285000,28941744
Devin Booker,2019,27285000,28941744
Otto Porter,2019,27250576,28905230
Anthony Davis,2019,27093019,28738106
Andre Drummond,2019,27093018,28738105
Hassan Whiteside,2019,27093018,28738105
Bradley Beal,2019,27093018,28738105
Jrue Holiday,2019,26131111,27717791
LaMarcus Aldridge,2019,26000000,27578719
Giannis Antetokounmpo,2019,25842697,27411865
Steven Adams,2019,25842697,27411865
Marc Gasol,2019,25595700,27149870
Nicolas Batum,2019,25565217,27117536
Rudy Gobert,2019,25258427,26792118
Chandler Parsons,2019,25102512,26626736
Harrison Barnes,2019,24147727,25613976
Serge Ibaka,2019,23271604,24684655
Danilo Gallinari,2019,22615559,23988775
Victor Oladipo,2019,21000000,22275119
Tim Hardaway Jr,2019,20025127,21241052
Malcolm Brogdon,2019,20000000,21214399
Terry Rozier,2019,19894737,21102745
Aaron Gordon,2019,19863636,21069755
Zach LaVine,2019,19500000,20684039
Kent Bazemore,2019,19269663,20439716
Goran Dragic,2019,19217900,20384810
Jeff Teague,2019,19000000,20153679
Evan Turner,2019,18606556,19736345
Tristan Thompson,2019,18539130,19664825
Draymond Green,2019,18539130,19664825
Gary Harris,2019,18189286,19293739
Myles Turner,2019,18000000,19092959
Julius Randle,2019,18000000,19092959
Derrick Favors,2019,17650000,18721707
Andre Iguodala,2019,17185185,18228669
Evan Fournier,2019,17150000,18191347
Bismack Biyombo,2019,17000000,18032239
Bojan Bogdanovic,2019,17000000,18032239
Clint Capela,2019,16896552,17922510
Gorgui Dieng,2019,16229213,17214650
Ricky Rubio,2019,16200000,17183663
Jonas Valanciunas,2019,16000000,16971519
Brandon Knight,2019,15643750,16593638
Eric Bledsoe,2019,15625000,16573749
Kelly Oubre,2019,15625000,16573749
Dennis Schroeder,2019,15500000,16441159
Ian Mahinmi,2019,15450051,16388177
James Johnson,2019,15349400,16281415
Marcus Morris,2019,15000000,15910799
Bobby Portis,2019,15000000,15910799
Danny Green,2019,14634147,15522732
Rudy Gay,2019,14500000,15380439
Cody Zeller,2019,14471910,15350644
Eric Gordon,2019,14057730,14911315
Mason Plumlee,2019,14041096,14893671
JJ Redick,2019,13486300,14305187
Jordan Clarkson,2019,13437500,14253424
Dewayne Dedmon,2019,13333334,14142933
Solomon Hill,2019,13290395,14097387
Justise Winslow,2019,13000000,13789359
Thaddeus Young,2019,12900000,13683287
Will Barton,2019,12776786,13552592
Courtney Lee,2019,12759670,13534437
Larry Nance Jr,2019,12727273,13500072
Patrick Mills,2019,12678571,13448413
Kelly Olynyk,2019,12667885,13437078
Marcus Smart,2019,12553571,13315823
Terrence Ross,2019,12500000,13258999
Patrick Beverley,2019,12345680,13095309
Trevor Ariza,2019,12200000,12940783
Brook Lopez,2019,12093024,12827312
Jusuf Nurkic,2019,12000000,12728639
Cory Joseph,2019,12000000,12728639
Joe Ingles,2019,11454546,12150065
Tony Snell,2019,11392857,12084631
Robert Covington,2019,11301219,11987428
Meyers Leonard,2019,11286515,11971832
TJ Warren,2019,11060000,11731563
Moe Harkless,2019,11011234,11679836
Andre Roberson,2019,10740740,11392917
Spencer Dinwiddie,2019,10605600,11249571
Jeremy Lamb,2019,10500000,11137559
Dwight Powell,2019,10259375,10882324
George Hill,2019,10133907,10749237
Josh Richardson,2019,10116576,10730854
Norman Powell,2019,10116576,10730854
Tyus Jones,2019,10116000,10730243
Tomas Satoransky,2019,10000000,10607199
DeAndre Jordan,2019,9881598,10481608
Zion Williamson,2019,9757440,10349911
Markelle Fultz,2019,9745200,10336928
John Henson,2019,9732396,10323346
Matthew Dellavedova,2019,9607500,10190867
Dante Exum,2019,9600000,10182911
Deandre Ayton,2019,9562920,10143580
Delon Wright,2019,9473684,10048925
Jerami Grant,2019,9346153,9913651
Fred VanVleet,2019,9346153,9913651
Al-Farouq Aminu,2019,9258000,9820145
Kyle Anderson,2019,9073050,9623965
Taj Gibson,2019,9000000,9546479
Ja Morant,2019,8730240,9260340
Lonzo Ball,2019,8719320,9248757
E'Twaun Moore,2019,8664928,9191062
Marvin Bagley,2019,8556120,9075647
Bogdan Bogdanovic,2019,8529386,9047290
PJ Tucker,2019,8349039,8855992
Cristiano Felicio,2019,8156500,8651762
Kentavious Caldwell-Pope,2019,8139282,8633499
Ben Simmons,2019,8113929,8606606
Maxi Kleber,2019,8000000,8485759
Louis Williams,2019,8000000,8485759
Elfrid Payton,2019,8000000,8485759
Wayne Ellington,2019,8000000,8485759
Thomas Bryant,2019,8000000,8485759
RJ Barrett,2019,7839960,8316002
Jayson Tatum,2019,7830000,8305437
Jae Crowder,2019,7815533,8290092
Luka Doncic,2019,7683360,8149893
Joe Harris,2019,7666667,8132186
Seth Curry,2019,7461380,7914434
DeMarre Carroll,2019,7339258,7784897
Langston Galloway,2019,7333333,7778612
Doug McDermott,2019,7333333,7778612
Derrick Rose,2019,7317074,7761366
Brandon Ingram,2019,7265485,7706645
Darius Miller,2019,7250000,7690219
DJ Augustin,2019,7250000,7690219
De'Andre Hunter,2019,7068360,7497550
Josh Jackson,2019,7059480,7488131
Ersan Ilyasova,2019,7000000,7425039
Davis Bertans,2019,7000000,7425039
Jaren Jackson Jr,2019,6927480,7348116
Nemanja Bjelica,2019,6825000,7239413
Jaylen Brown,2019,6534829,6931623
Jabari Parker,2019,6500000,6894679
Ivica Zubac,2019,6481482,6875037
Darius Garland,2019,6400920,6789583
De'Aaron Fox,2019,6392760,6780928
Trae Young,2019,6273000,6653896
Montrezl Harrell,2019,6000000,6364319
Ishmael Smith,2019,6000000,6364319
Marco Belinelli,2019,5846154,6201132
Jarrett Culver,2019,5813640,6166644
Jonathan Isaac,2019,5806440,6159006
Rodney Hood,2019,5718000,6065196
Mo Bamba,2019,5697600,6043558
Trey Lyles,2019,5500000,5833959
Aron Baynes,2019,5453280,5784403
Kris Dunn,2019,5348007,5672737
Coby White,2019,5307120,5629368
Lauri Markkanen,2019,5300400,5622240
Wendell Carter,2019,5201400,5517228
Daniel Theis,2019,5000000,5303599
Luol Deng,2019,5000000,5303599
Jaxson Hayes,2019,4862040,5157263
Buddy Hield,2019,4861207,5156379
Frank Ntilikina,2019,4855800,5150644
Rodney McGruder,2019,4807693,5099616
Enes Kanter,2019,4767000,5056452
Garrett Temple,2019,4767000,5056452
Justin Holiday,2019,4767000,5056452
JaMychal Green,2019,4767000,5056452
Avery Bradley,2019,4767000,5056452
Robin Lopez,2019,4767000,5056452
Mike Scott,2019,4767000,5056452
Frank Kaminsky,2019,4767000,5056452
Richaun Holmes,2019,4767000,5056452
Ed Davis,2019,4767000,5056452
Collin Sexton,2019,4764960,5054288
Rui Hachimura,2019,4469160,4740527
Kevon Looney,2019,4464286,4735357
Dennis Smith,2019,4463640,4734672
Jamal Murray,2019,4444746,4714630
Kevin Knox,2019,4380120,4646080
Cam Reddish,2019,4245720,4503520
Zach Collins,2019,4240200,4497664
Mikal Bridges,2019,4161000,4413655
Alex Len,2019,4160000,4412595
Nicolo Melli,2019,4102564,4351671
Cameron Johnson,2019,4033440,4278350
Malik Monk,2019,4028400,4273004
Dorian Finney-Smith,2019,4000000,4242879
JaVale McGee,2019,4000000,4242879
Reggie Bullock,2019,4000000,4242879
Patrick McCaw,2019,4000000,4242879
Shai Gilgeous-Alexander,2019,3952920,4192941
PJ Washington,2019,3831840,4064509
Luke Kennard,2019,3827160,4059545
Miles Bridges,2019,3755400,3983427
Jakob Poeltl,2019,3754885,3982881
Tyler Herro,2019,3640200,3861232
Donovan Mitchell,2019,3635760,3856523
Stanley Johnson,2019,3623000,3842988
Jake Layman,2019,3581986,3799484
Thon Maker,2019,3569643,3786391
Jerome Robinson,2019,3567720,3784351
Danuel House,2019,3540000,3754948
Domantas Sabonis,2019,3529554,3743868
Boban Marjanovic,2019,3500000,3712519
TJ McConnell,2019,3500000,3712519
DeMarcus Cousins,2019,3500000,3712519
Taurean Prince,2019,3481985,3693411
Dario Saric,2019,3481985,3693411
Romeo Langford,2019,3458400,3668394
Bam Adebayo,2019,3454080,3663811
Michael Porter,2019,3389400,3595204
Denzel Valentine,2019,3377568,3582653
Juan Hernangomez,2019,3321029,3522681
Sekou Doumbouya,2019,3285120,3484592
Justin Jackson,2019,3280920,3480137
Troy Brown,2019,3219480,3414966
Yogi Ferrell,2019,3150000,3341267
Zhaire Smith,2019,3058800,3244530
Ryan Arcidiacono,2019,3000000,3182159
Quinn Cook,2019,3000000,3182159
Khem Birch,2019,3000000,3182159
Nickeil Alexander-Walker,2019,2964840,3144865
DJ Wilson,2019,2961120,3140919
Cedi Osman,2019,2907143,3083664
Donte DiVincenzo,2019,2905800,3082240
Bryn Forbes,2019,2875000,3049569
Goga Bitadze,2019,2816760,2987793
TJ Leaf,2019,2813280,2984102
Lonnie Walker,2019,2764200,2932042
Alex Caruso,2019,2750000,2916979
Malik Beasley,2019,2731713,2897582
Luka Samanic,2019,2689920,2853251
John Collins,2019,2686560,2849687
Kevin Huerter,2019,2636280,2796354
Caris LeVert,2019,2625717,2785150
Marko Guduric,2019,2625000,2784389
DeAndre Bembry,2019,2603981,2762094
Matisse Thybulle,2019,2582160,2738948
Harry Giles,2019,2578800,2735384
Vince Carter,2019,2564753,2720484
Wilson Chandler,2019,2564753,2720484
Jose Juan Barea,2019,2564753,2720484
Thabo Sefolosha,2019,2564753,2720484
Tyson Chandler,2019,2564753,2720484
Dwight Howard,2019,2564753,2720484
Rajon Rondo,2019,2564753,2720484
Jared Dudley,2019,2564753,2720484
Udonis Haslem,2019,2564753,2720484
Kyle Korver,2019,2564753,2720484
Wesley Matthews,2019,2564753,2720484
Josh Okogie,2019,2530680,2684342
Vincent Poirier,2019,2505793,2657944
Rondae Hollis-Jefferson,2019,2500000,2651799
Brandon Clarke,2019,2478840,2629355
Terrance Ferguson,2019,2475840,2626172
Grayson Allen,2019,2429400,2576913
Alfonzo McKinnie,2019,2391985,2537226
Grant Williams,2019,2379840,2524343
Jarrett Allen,2019,2376840,2521161
Pascal Siakam,2019,2351838,2494641
Skal Labissiere,2019,2338846,2480860
Chandler Hutchison,2019,2332320,2473938
Patrick Patterson,2019,2331593,2473167
Dejounte Murray,2019,2321735,2462710
Alec Burks,2019,2320044,2460917
Damian Jones,2019,2305057,2445020
Darius Bazley,2019,2284800,2423533
Ante Zizic,2019,2281800,2420350
OG Anunoby,2019,2281800,2420350
Markieff Morris,2019,2259887,2397107
Luke Kornet,2019,2250000,2386619
Aaron Holiday,2019,2239200,2375164
Ty Jerome,2019,2193480,2326668
Willie Cauley-Stein,2019,2177483,2309699
Kyle O'Quinn,2019,2174318,2306342
Austin Rivers,2019,2174310,2306334
Carmelo Anthony,2019,2159029,2290125
Anfernee Simons,2019,2149560,2280081
Nassir Little,2019,2105520,2233367
Moritz Wagner,2019,2063520,2188816
Dylan Windler,2019,2035800,2159413
Caleb Swanigan,2019,2033160,2156613
Ben McLemore,2019,2028594,2151770
Mike Muscala,2019,2028594,2151770
Michael Carter-Williams,2019,2028594,2151770
Noah Vonleh,2019,2000000,2121439
Torrey Craig,2019,2000000,2121439
Edmond Sumner,2019,2000000,2121439
Landry Shamet,2019,1995120,2116263
Mfiondu Kabengele,2019,1977000,2097043
Kyle Kuzma,2019,1974600,2094497
Jordan Poole,2019,1964760,2084060
Tony Bradley,2019,1962360,2081514
Keldon Johnson,2019,1950600,2069040
Derrick White,2019,1948080,2066367
Robert Williams,2019,1937520,2055166
Josh Hart,2019,1934160,2051602
Jacob Evans,2019,1925880,2042819
Dzanan Musa,2019,1911600,2027672
Omari Spellman,2019,1897800,2013034
Nerlens Noel,2019,1882867,1997194
James Ennis,2019,1882867,1997194
Glenn Robinson III,2019,1882867,1997194
Bruno Caboclo,2019,1845301,1957347
Shabazz Napier,2019,1845301,1957347
JR Smith,2019,1746470,1852514
JaKarr Sampson,2019,1737145,1842624
Raul Neto,2019,1737145,1842624
Mario Hezonja,2019,1737145,1842624
Emmanuel Mudiay,2019,1737145,1842624
Pat Connaughton,2019,1723050,1827673
Jahlil Okafor,2019,1702486,1805860
Rodions Kurucs,2019,1699236,1802413
Cheick Diallo,2019,1678854,1780793
Willy Hernangomez,2019,1676735,1778546
Treveon Graham,2019,1645357,1745263
Christian Wood,2019,1645357,1745263
Derrick Jones,2019,1645357,1745263
Georges Niang,2019,1645357,1745263
Shaquille Harrison,2019,1620564,1718964
Furkan Korkmaz,2019,1620564,1718964
Semi Ojeleye,2019,1618520,1716796
Dwayne Bacon,2019,1618520,1716796
Dillon Brooks,2019,1618520,1716796
Sterling Brown,2019,1618520,1716796
Frank Jackson,2019,1618520,1716796
Damyean Dotson,2019,1618520,1716796
Abdel Nader,2019,1618520,1716796
Wesley Iwundu,2019,1618520,1716796
Royce O'Neale,2019,1618520,1716796
Monte Morris,2019,1588231,1684668
Malcolm Miller,2019,1588231,1684668
Chris Boucher,2019,1588231,1684668
Mitchell Robinson,2019,1559712,1654417
Isaiah Roby,2019,1500000,1591079
Nigel Williams-Goss,2019,1500000,1591079
Brad Wanamaker,2019,1445697,1533479
Thanasis Antetokounmpo,2019,1445697,1533479
Theo Pinson,2019,1445697,1533479
Shake Milton,2019,1445697,1533479
Wenyen Gabriel,2019,1445697,1533479
Devonte Graham,2019,1416852,1502883
Jalen Brunson,2019,1416852,1502883
Keita Bates-Diop,2019,1416852,1502883
Sviatoslav Mykhailiuk,2019,1416852,1502883
Khyri Thomas,2019,1416852,1502883
Bruce Brown,2019,1416852,1502883
Alize Johnson,2019,1416852,1502883
De'Anthony Melton,2019,1416852,1502883
Kendrick Nunn,2019,1416852,1502883
Duncan Robinson,2019,1416852,1502883
Jarred Vanderbilt,2019,1416852,1502883
Kenrich Williams,2019,1416852,1502883
Hamidou Diallo,2019,1416852,1502883
Deonte Burton,2019,1416852,1502883
Melvin Frazier,2019,1416852,1502883
Ryan Broekhoff,2019,1416852,1502883
Jevon Carter,2019,1416852,1502883
Elie Okobo,2019,1416852,1502883
Gary Trent Jr,2019,1416852,1502883
Chimezie Metu,2019,1416852,1502883
Isaac Bonga,2019,1416852,1502883
Bruno Fernando,2019,1400000,1485007
Jaylen Nowell,2019,1400000,1485007
Kevin Porter,2019,1290960,1369347
Jordan McRae,2019,1254933,1331132
Carsen Edwards,2019,1228026,1302591
Cody Martin,2019,1173310,1244553
Gary Payton II,2019,1052909,1116841
Terance Mann,2019,1000000,1060719
Admiral Schofield,2019,1000000,1060719
David Nwaba,2019,903111,957947
Javonte Green,2019,898310,952855
Nicolas Claxton,2019,898310,952855
Jalen McDaniels,2019,898310,952855
Caleb Martin,2019,898310,952855
Daniel Gafford,2019,898310,952855
Vlatko Cancar,2019,898310,952855
Alen Smailagic,2019,898310,952855
Eric Paschall,2019,898310,952855
Talen Horton-Tucker,2019,898310,952855
KZ Okpala,2019,898310,952855
Naz Reid,2019,898310,952855
Ignas Brazdeikis,2019,898310,952855
Jalen Lecque,2019,898310,952855
DaQuan Jeffries,2019,898310,952855
Justin James,2019,898310,952855
Matt Thomas,2019,898310,952855
Terence Davis,2019,898310,952855
Dewan Hernandez,2019,898310,952855
Miye Oni,2019,898310,952855
Damion Lee,2019,842327,893473
Jeff Green,2019,840427,891457
Timothe Luwawu,2019,837583,888441
Juwan Morgan,2019,746054,791354
Gary Clark,2019,718765,762408
Marvin Williams,2019,604278,640969
Michael Kidd-Gilchrist,2019,595122,631257
Rayjon Tucker,2019,578573,613703
Chris Clemons,2019,563346,597552
Brandon Goodwin,2019,522738,554478
Reggie Jackson,2019,512721,543853
Justin Patton,2019,483115,512449
Anzejs Pasecniks,2019,482144,511419
Chris Silva,2019,466918,495269
Troy Daniels,2019,458439,486275
Anthony Tolliver,2019,434704,461099
Joakim Noah,2019,381360,404516
Dion Waiters,2019,375385,398178
Dean Wade,2019,375000,397769
Ky Bowman,2019,350189,371452
Juan Toscano-Anderson,2019,350189,371452
Norvel Pelle,2019,350189,371452
Jamal Crawford,2019,289803,307399
Jordan Bell,2019,250000,265179
Tyler Zeller,2019,245686,260604
Trey Burke,2019,229220,243138
Jontay Porter,2019,197933,209951
Cameron Payne,2019,196288,208206
Jerian Grant,2019,196288,208206
Dragan Bender,2019,189700,201218
Mychal Mulder,2019,187782,199184
Tyler Johnson,2019,183115,194233
PJ Dozier,2019,183115,194233
Sindarius Thornwell,2019,183115,194233
Corey Brewer,2019,183115,194233
Joe Chealey,2019,163356,173274
Jaylen Adams,2019,163356,173274
Johnathan Williams,2019,161245,171035
Luguentz Dort,2019,155647,165097
Oshae Brissett,2019,129568,137435
JP Macura,2019,106181,112628
Donta Hall,2019,101504,107667
Sheldon Mac,2019,91557,97116
Chasson Randle,2019,91557,97116
Jonah Bolden,2019,89846,95301
Derrick Walton,2019,81678,86637
Charlie Brown,2019,79568,84399
Tacko Fall,2019,79568,84399
Tremont Waters,2019,79568,84399
Jeremiah Martin,2019,79568,84399
Chris Chiozza,2019,79568,84399
Raymond Spalding,2019,79568,84399
Kobi Simmons,2019,79568,84399
Max Strus,2019,79568,84399
Adam Mokoka,2019,79568,84399
Matt Mooney,2019,79568,84399
Josh Reaves,2019,79568,84399
Antonius Cleveland,2019,79568,84399
Bol Bol,2019,79568,84399
Tyler Cook,2019,79568,84399
Jordan Bone,2019,79568,84399
Louis King,2019,79568,84399
Michael Frazier,2019,79568,84399
William Howard,2019,79568,84399
Naz Long,2019,79568,84399
Brian Bowen,2019,79568,84399
Johnathan Motley,2019,79568,84399
Amir Coffey,2019,79568,84399
Devontae Cacok,2019,79568,84399
Kostas Antetokounmpo,2019,79568,84399
John Konchar,2019,79568,84399
Yuta Watanabe,2019,79568,84399
Kyle Alexander,2019,79568,84399
Gabe Vincent,2019,79568,84399
Cam Reynolds,2019,79568,84399
Frank Mason,2019,79568,84399
Kelan Martin,2019,79568,84399
Jordan McLaughlin,2019,79568,84399
Zylan Cheatham,2019,79568,84399
Josh Gray,2019,79568,84399
Kenny Wooten,2019,79568,84399
Jared Harper,2019,79568,84399
Kevin Hervey,2019,79568,84399
Vic Law,2019,79568,84399
BJ Johnson,2019,79568,84399
Marial Shayok,2019,79568,84399
Tariq Owens,2019,79568,84399
Moses Brown,2019,79568,84399
Jaylen Hoard,2019,79568,84399
Kyle Guy,2019,79568,84399
Drew Eubanks,2019,79568,84399
Quinndary Weatherspoon,2019,79568,84399
Paul Watson,2019,79568,84399
Jarrell Brantley,2019,79568,84399
Justin Wright-Foreman,2019,79568,84399
Garrison Mathews,2019,79568,84399
Malik Newman,2019,65978,69984
